appliancetype,max_on_duration,max_on_energy,max_on_power,mean_on_duration,mean_on_energy,mean_on_power,std_on_duration,std_on_energy,std_on_power
kettle,587.0,1734819.7426757812,3165.5,124.59412288512912,332265.0196827215,2645.571824760435,57.738721234892644,152953.25267948495,409.2546537483144
microwave,3721.0,5384575.475830078,2961.60009765625,113.17946021731511,150897.52131489114,1321.604390265074,186.36543792126224,200209.96904559396,356.5377065436294
dishwasher,7224.0,6568973.849852443,2687.89990234375,2661.742067553736,2365595.090793127,888.4924092826027,2232.7921307367283,1415906.6968882345,1082.3904401770365
washingmachine,17617.0,8030586.75069356,3340.0,4404.992240543162,2117552.765968721,480.74303981506796,1761.5612063019378,1015363.5848428161,845.2931103085108
electricshower,1453.0,13746243.0,10792.0,489.031746031746,4730122.035714285,9653.037082027486,310.94986163770346,2965704.262662611,842.6058275180493
electriccooker,8926.0,12633157.0,8527.0,643.2214206437292,1061995.9428412875,1648.8200636887798,989.9074174618753,1463122.5553463218,1181.8445314218561
